title,description,published_at,source,url,country
"""Chorrea hacia abajo"" Mariana Loyola lanza dardo a presidentes que ""auspician la violencia machista""",La actriz chilena Mariana Loyola lanzó sus dardos en contra de los gobiernos que “avalan la violencia machista” y realizan...,2026-04-24T01:31:18Z,BioBioChile,https://www.biobiochile.cl/noticias/espectaculos-y-tv/celebridades/2026/04/23/chorrea-hacia-abajo-mariana-loyola-lanza-dardo-a-presidentes-que-auspician-la-violencia-machista.shtml,Nepal
The Rocky Horror Show review - campy musical returns to Broadway in need of an energy boost,"The 1973 cult favorite is back with a stacked cast, including Juliette Lewis, Luke Evans and Rachel Dratch, but only flashes of genuine fun",2026-04-24T01:31:00Z,The Guardian,https://www.theguardian.com/stage/2026/apr/23/the-rocky-horror-show-review-broadway,Nepal
"Ringgit rises against greenback, major currencies on strong March trade data","KUALA LUMPUR: The ringgit edged higher against the US dollar and other major currencies in early trade on Friday, supported by resilient Malaysia trade data for March.",2026-04-24T01:31:00Z,The Star,https://www.thestar.com.my/business/business-news/2026/04/24/ringgit-rises-against-greenback-major-currencies-on-strong-march-trade-data,Nepal
"Exclusive: Days before FIRs were filed in TCS Nashik case, 2 women complainants had quit BPO","Meanwhile, family members and friends of some of the complainants – there are nine in total – told The Indian Express that some of the women complainants are battling depression, anxiety and social isolation",2026-04-24T01:30:46Z,The Indian Express,https://indianexpress.com/article/cities/mumbai/exclusive-days-before-firs-were-filed-in-tcs-nashik-case-2-women-complainants-had-quit-bpo-10652785/,Nepal
A Much Welcome Time Warp,"Deadline reviews Broadway's 'The Rocky Horror Show' featuring Luke Evans, Rachel Dratch and Juliette Lewis.",2026-04-24T01:30:00Z,Deadline,https://deadline.com/2026/04/rocky-horror-show-broadway-review-1236867882/,Nepal
Is Kolkata a city of slums like Amit Shah said? Here's the fact,"West Bengal Assembly Polls: Addressing a rally for the West Bengal election, Home Minister Amit Shah said Kolkata had turned into a city of slums under successive Communist and Trinamool Congress governments. Is it a fact that Kolkata, the capital of West Bengal, is a city of slums? Here's the fact.",2026-04-24T01:30:00Z,India Today,https://www.indiatoday.in/elections/assembly/story/west-bengal-assembly-elections-home-minister-amit-shah-bjp-cpm-tmc-kolkata-city-of-slums-2011-census-chennai-mumbai-delhi-2900492-2026-04-24,Nepal
ученые обнаружили утечку драгоценных металлов через вулканы,"Исследователи выяснили, что золото и рутений просачиваются из ядра Земли на поверхность. Вулканы на Гавайях выносят драгоценные металлы с глубины 3000 км.",2026-04-24T01:30:00Z,УНИАН,https://www.unian.net/science/zoloto-uchenye-obnaruzhili-utechku-dragocennyh-metallov-cherez-vulkany-13359516.html,Nepal
вчені виявили витік дорогоцінних металів через вулкани,"Дослідники з'ясували, що золото та рутеній просочуються з ядра Землі на поверхню. Вулкани на Гаваях підіймають коштовні метали з глибини 3000 км.",2026-04-24T01:30:00Z,УНІАН,https://www.unian.ua/science/zoloto-vcheni-viyavili-vitik-dorogocinnih-metaliv-cherez-vulkani-13359519.html,Nepal
Rams take quarterback Ty Simpson at No. 13,The Rams have drafted Matthew Stafford's successor.,2026-04-24T01:29:50Z,NBC Sports,https://www.nbcsports.com/nfl/profootballtalk/rumor-mill/news/rams-take-quarterback-ty-simpson-at-no-13,Nepal
"디아블로IV, 확장팩 '증오의 군주' 28일 출시... 시네마틱·밴드 협업 기대감 고조",블리자드 엔터테인먼트는 액션 RPG 디아블로 IV의 차기 확장팩 '증오의 군주'를 28일 오전 8시(한국시간) 출시한다. 이번 확장팩의 핵심 서사를 담은 오프닝 시네마틱은 시리즈 사상 가장 어두운 분위기를 강조한다. 주요 인물 네이렐이 증오의 군주 메피스토와 대면하는,2026-04-24T01:29:41Z,전자신문,https://www.etnews.com/20260424000132,Nepal
"Hormuz Strait: 'होर्मुज में माइन बिछाने वाली ईरानी बोट्स को गोली से उड़ा दो', डोनाल्ड ट्रंप का अमेरिकी नेवी को फरमान",अमेरिकी राष्ट्रपति डोनाल्ड ट्रंप ने होर्मुज स्ट्रेट को लेकर बड़ा आदेश दिया है। उन्होंने अमेरिकी सेना से कहा है कि जलडमरूमध्य में बारूदी सुरंग बिछाने वाली छोटी ईरानी नावों को शूट करके मार दिया जाए।,2026-04-24T01:29:32Z,Navbharat Times,https://navbharattimes.indiatimes.com/world/america/trump-ordered-us-navy-ko-shoot-and-kill-iranian-boats-laying-mines-in-hormuz-strait/articleshow/130481276.cms,India
விஜய் வருகையால் வாக்குச்சாவடியில் தள்ளுமுள்ளு: 45 நிமிடம் காத்திருந்த வாக்காளர்கள்,விஜய் வரு​கை​யால் நீலாங்​கரை வாக்​குச்​சாவடி​யில் தள்​ளு​முள்ளு ஏற்​பட்​டது. கூட்ட நெரிசலுக்கு இடையே பலத்த போலீஸ் பாது​காப்​புடன் அவர் தனது வாக்​கைப் பதிவு செய்​தார்.,2026-04-24T01:23:17Z,Hindu Tamil Thisai,https://www.hindutamil.in/news/tamilnadu/scuffle-at-polling-booth-following-arrival-of-tvk-leader-vijay,India
ईरान परमाणु बम बनाने के कितना क़रीब पहुंच चुका है?,यूरेनियम को किस तरह संवर्धित किया जाता है. न्यूक्लियर रिएक्टर में और परमाणु बम बनाने में इस्तेमाल होने वाले यूरेनियम में क्या फर्क होता है?,2026-04-24T01:23:09Z,BBC,https://www.bbc.com/hindi/articles/clyr0nmg25go,India
"दूसरे फेज में भी बाहर मत आना, वरना उल्टा लटकाकर सीधा कर दूंगा; अमित शाह ने किसे दी धमकी","मध्यमग्राम में चुनाव के दूसरे चरण में 29 अप्रैल को मतदान होगा। मतगणना चार मई को होगी। शाह ने रोडशो के दौरान पत्रकारों से कहा कि भाजपा के सत्ता में आने के बाद पश्चिम बंगाल में एक भी घुसपैठिए को नहीं घुसने दिया जायेगा।, West-bengal Hindi News - Hindustan",2026-04-24T01:19:06Z,Hindustan Hindi News,https://www.livehindustan.com/west-bengal/amit-shah-excited-with-first-phase-voting-percentage-in-bengal-elections-warn-tmc-goons-201776993269491.html,India
"Raja Shivaji Cast Fees : राजा शिवाजी सिनेमात मराठीसह बॉलिवूडकरांचीही गर्दी, 100 कोटींच्या बजेटमध्ये कोणाला किती मिळाली फी","'राजा शिवाजी' हा चित्रपट रिलीज व्हायला काहीच दिवस उरले आहेत. त्यामुळे प्रेक्षकांमधील उत्सुकता आताच शिगेला पोहोचली आहे. या चित्रपटात कलाकारांची एक मोठी फौज पाहायला मिळते, ज्यात मराठीसह बॉलिवूडच्या दिग्गजांचाही समावेश आहे. या चित्रपटातील आपापल्या भूमिकांसाठी प्रत्येक कलाकाराला किती मानधन मिळाले आहे, हे जाणून घेऊ.",2026-04-24T01:15:17Z,Maharashtra Times,https://maharashtratimes.com/entertainment/entertainment-news/bollywood-news/raja-shivaji-film-star-cast-fees-from-riteish-deshmukh-to-mahesh-manjrekar/articleshow/130481173.cms,India
Trump rules out nuclear strike on Iran: 'Decimated ​them without it',"Trump emphasised that he is not in a hurry to reach an agreement with Tehran, prioritising a stable, long-term solution over a quick resolution",2026-04-24T01:14:22Z,Moneycontrol.com,https://www.moneycontrol.com/world/trump-rules-out-nuclear-strike-on-iran-decimated-them-without-it-article-13898059.html,India
भारतीय दूतावास ने 'ईरान की यात्रा नहीं करने' की 'सख़्त सलाह' क्यों दी,भारत और ईरान के बीच फ़्लाइट फिर शुरू होने की ख़बरों के बीच ईरान में भारतीय दूतावास ने भारतीयों के लिए ट्रैवल एडवाइज़री जारी की है.,2026-04-24T01:12:48Z,BBC,https://www.bbc.com/hindi/live/ckgej3yxjert,India
MK Stalin: மே 4ல் தமிழ்நாடு வெல்லும்.. வாக்களித்தவர்களுக்கு நன்றி சொன்ன மு.க.ஸ்டாலின்!,"தமிழ்நாடு சட்டமன்ற தேர்தலில் வாக்களிக்க பல்வேறு தரப்பு மக்களும் ஆர்வம் காட்டினர். குறிப்பாக இளைஞர்கள் பெருமளவில் தங்கள் கடமையை செய்தனர். வெளியூர், வெளிநாடு, வெளிமாநிலங்களில் இருந்தும் கூட வாக்களிக்க வந்தன",2026-04-24T01:09:10Z,ABP Nadu,https://tamil.abplive.com/news/tamil-nadu/tamil-nadu-elections-2026-cm-mk-stalin-thanks-to-voters-for-doing-their-democratic-duty-257311,India
Rams select QB Ty Simpson with No. 13 pick in NFL draft,"According to ESPN's Adam Schefter, Rams coach Sean McVay told Matthew Stafford earlier Thursday of the team's plan to take Ty Simpson at No. 13.",2026-04-24T01:27:00Z,ESPN,https://www.espn.com/nfl/story/_/id/48575685/rams-select-qb-ty-simpson-no-13-pick-nfl-draft,USA
"Trump confirms he's weighing a taxpayer takeover of Spirit Airlines ""for the right price""",President Trump said Thursday that he was weighing a taxpayer-funded takeover of Spirit Airlines​ with the intent of reselling the struggling budget carrier​ after oil prices drop.,2026-04-24T01:21:00Z,CBS News,https://www.cbsnews.com/news/trump-weighing-taxpayer-takeover-spirit-airlines/,USA
The New Version Of Game Pass Is A Perk For Discord Nitro Users,The chat platform subscription will seemingly give players access to some games for free,2026-04-24T01:07:02Z,Kotaku,https://kotaku.com/xbox-game-pass-discord-nitro-stardew-valley-fallout-4-2000690262,USA
"Iran War Has Drained U.S. Supplies of Critical, Costly Weapons","The Pentagon’s rush to rearm its Mideast forces makes it less ready to confront potential adversaries like Russia and China, administration and congressional officials say.",2026-04-24T01:04:32Z,The New York Times,https://www.nytimes.com/2026/04/23/us/politics/iran-war-cost-military.html,USA
"Edge David Bailey, Texas Tech, Round 1, Pick 2",Joins Green & White's Edge-Rushing Group as the Highest Defensive Draft Choice in Franchise History,2026-04-24T00:58:52Z,New York Jets,https://www.newyorkjets.com/news/david-bailey-nfl-draft-edge-texas-tech,USA
El mayor fabricante de condones anuncia subida de precios por la guerra,Se dispara en un 30% el costo de los profilácticos.,2026-04-24T00:57:12Z,Primera Hora,https://www.primerahora.com/noticias/consumo/notas/el-mayor-fabricante-mundial-de-condones-anuncia-subida-de-precios-por-la-guerra/,USA
Judge sets date for evidence against singer D4vd in killing of 14-year-old to be presented,"Lawyers for singer D4vd insisted Thursday on forcing prosecutors to show what evidence they have, and a judge set a hearing for next week for them to lay it out publicly in the killing and dismemberment of Celeste Rivas Hernandez.",2026-04-24T00:55:55Z,PBS,https://www.pbs.org/newshour/nation/judge-sets-date-for-evidence-against-singer-d4vd-in-killing-of-14-year-old-to-be-presented,USA
The Lion King review - Disney’s Broadway juggernaut roars to life in Sydney,"With breathtaking aesthetics and joyous performances, the audacious adaptation – now almost 30 years old – is greater than the sum of its parts",2026-04-24T01:23:00Z,The Guardian,https://www.theguardian.com/film/2026/apr/24/the-lion-king-review-musical-sydney,Australia
Tom Starling cops online abuse after Raiders' loss to Wests Tigers,Canberra Raiders hooker Tom Starling has received disgusting online abuse following the loss to Wests Tigers on Thursday night.,2026-04-24T01:21:50Z,The Canberra Times,https://www.canberratimes.com.au/story/9232015/tom-starling-cops-online-abuse-after-raiders-loss-to-wests-tigers/,Australia
APOLLO AI learns from 25 billion medical events to predict future disease,"APOLLO is a multimodal temporal foundation model trained on 25.2 billion medical events from 7.2 million patients across 33 years of Mass General Brigham records, integrating 28 medical modalities into unified “virtual patient representations.” Across 322 downstream tasks, the model showed strong performance in disease prediction, treatment-response stratification, hospital operations, and patient retrieval, supporting the idea of more computable, data-driven medicine.",2026-04-24T01:12:00Z,News-Medical,https://www.news-medical.net/news/20260423/APOLLO-AI-learns-from-25-billion-medical-events-to-predict-future-disease.aspx,Australia
"Woolworths, Coles case won't hurt the supermarket oligopoly","Whatever happens in the 'fake discounts' case, it's clear that the true impediment to consumer protection is Australia's political class.",2026-04-24T01:06:54Z,Crikey,https://www.crikey.com.au/2026/04/24/woolworths-coles-court-case-discounts-supermarket-oligopoly/,Australia
Tobacco ban in the UK could create a smoke,Anyone born after 2008 will be banned from buying cigarettes or vapes for life in the UK when a new bill becomes law.,2026-04-24T01:04:53Z,Australian Broadcasting Corporation,https://www.abc.net.au/news/2026-04-24/generational-smoking-ban-uk/106592244,Australia
Smith confirms he will attend Anzac Day commemorations after release on bail,"Ben Roberts-Smith confirms he will be attending Anzac Day services tomorrow, saying he intends to pay his respects, one week on from his release on bail.",2026-04-24T00:58:52Z,Australian Broadcasting Corporation,https://www.abc.net.au/news/2026-04-24/ben-roberts-smith-anzac-day-commemorations/106601020,Australia
‘It’s pretty ugly’: Kyle Sandilands tells ARN to put him back on air as he arrives for court hearing in Rolls-Royce,Radio presenter arrives for case management hearing into allegations he breached his Kiis FM radio contract,2026-04-24T00:34:00Z,The Guardian,https://www.theguardian.com/media/2026/apr/24/kyle-sandilands-kiis-fm-arn-radio-contract-ntwnfb,Australia
"Gunn On ""Clayface"" Timeline, Horror Tone",DC Studios chief James Gunn has offered some new insights on the Clayface movie and its place in the DC Universe canon. Tom Rhys Harries will play the titular Batman villain in the film which has been co-written by Mike Flanagan and directed by James Watkins and serves as an origin for the character. The […],2026-04-24T00:27:50Z,Dark Horizons,https://www.darkhorizons.com/gunn-on-clayface-timeline-horror-tone/,Australia
Pentagon awards $276m AUKUS submarine contract funded by Australia,The US Department of Defense announces the first major submarine contract to deliver on the AUKUS security deal.,2026-04-24T00:24:49Z,Australian Broadcasting Corporation,https://www.abc.net.au/news/2026-04-24/us-navy-awards-contract-for-aukus-submarine-deal/106601042,Australia
"US soldier charged with making $560,000 on Nicolás Maduro removal with Polymarket bets","In the weeks leading up to Venezuelan leader Nicolás Maduro's January 3 capture, Gannon Ken Van Dyke used sensitive classified information to make wagers on prediction market Polymarket.",2026-04-24T00:22:26Z,Australian Broadcasting Corporation,https://www.abc.net.au/news/2026-04-24/us-soldier-charged-betting-on-maduro-removal/106601200,Australia
Saham-Saham Ini Masuk Antrean Jual Asing Kala IHSG Ambruk,"Indeks Harga Saham Gabungan melemah 2,16% pada 23 April 2026. Investor asing jual bersih Rp978,65 miliar. Simak daftar saham yang dijual asing!",2026-04-24T01:37:19Z,CNBC Indonesia,https://www.cnbcindonesia.com/market/20260424082819-17-729462/saham-saham-ini-masuk-antrean-jual-asing-kala-ihsg-ambruk,Nepal
خطة إيران لرسوم عبور هرمز.. ماذا تعني للاقتصاد العالمي؟,تثير خطة إيران لفرض رسوم عبور على السفن في مضيق هرمز مخاوف من تداعيات اقتصادية سلبية وارتفاع في الأسعار حول العالم.,2026-04-24T01:37:14Z,سكاي نيوز عربية,https://www.skynewsarabia.com/middle-east/1865890-%D8%AE%D8%B7%D8%A9-%D8%A5%D9%8A%D8%B1%D8%A7%D9%86-%D9%84%D8%B1%D8%B3%D9%88%D9%85-%D8%B9%D8%A8%D9%88%D8%B1-%D9%87%D8%B1%D9%85%D8%B2-%D8%AA%D8%B9%D9%86%D9%8A-%D9%84%D9%84%D8%A7%D9%82%D8%AA%D8%B5%D8%A7%D8%AF-%D8%A7%D9%84%D8%B9%D8%A7%D9%84%D9%85%D9%8A,Nepal
Lời khai của kẻ giết chủ tiệm cầm đồ,"Quảng Trị- Nguyễn Văn Dũng cần tiền trả nợ nên đến tiệm cầm đồ vay, sau khi nhận được tiền đã đoạt mạng chủ tiệm. - VnExpress",2026-04-24T01:37:00Z,VnExpress,https://vnexpress.net/loi-khai-cua-ke-giet-chu-tiem-cam-do-5066457.html,Nepal
Elijah Hollands shared his story with me. He was brave then and he’s brave now,"Elijah Hollands got himself back through help from family, experts, his teammates and Carlton. He showed courage to do so. Now his health is the priority.",2026-04-24T01:36:28Z,The Age,https://www.theage.com.au/sport/afl/elijah-hollands-shared-his-story-with-me-he-was-brave-then-and-he-s-brave-now-20260422-p5zq8f.html,Nepal
തമിഴ്‌നാട്ടിൽ റെക്കോർഡ് പോളിങ്; ദ്രാവിഡ മണ്ണിൽ വിധി ആർക്കൊപ്പം? അങ്കലാപ്പിൽ മുന്നണികൾ,"ഉയർന്ന പോളിങ് ശതമാനം ആരെ തുണക്കുമെന്ന ആകാംക്ഷയിലാണ് ഡിഎംകെ, എഐഡിഎംകെ മുന്നണികളും ടിവികെയും",2026-04-24T01:36:22Z,Media One,https://www.mediaoneonline.com/india/record-polling-in-tamil-nadu-who-will-fate-favor-in-the-dravidian-land-fronts-in-anxiety-321720,Nepal
"Evacuations after slip north of Auckland, heavy rain warnings in place","A slip in Waiwera has caused some people to be evacuated today, while most of Auckland and Northland is being warned about heavy rain ahead of the long weekend.",2026-04-24T01:36:07Z,1News,https://www.1news.co.nz/2026/04/24/evacuations-after-slip-north-of-auckland-heavy-rain-warnings-in-place/,Nepal
"Tom Brady no pierde el tiempo y le da una orden al primer pick del draft de la NFL, Fernando Mendoza","Las Vegas Raiders elige a Fernando Mendoza como la primera selección del Draft de la NFL 2026, un reclutamiento en el que fue clave el copropietario del equipo, Tom Brady",2026-04-24T01:36:00Z,Yahoo,https://es-us.noticias.yahoo.com/deportes/tom-brady-pierde-tiempo-orden-013634199.html,Nepal
Study highlights gaps in opioid use disorder care during pregnancy,"Opioid use disorder during pregnancy remains a critical yet under-addressed public health issue in the U.S., according to a new study at Columbia University Mailman School of Public Health.",2026-04-24T01:36:00Z,News-Medical,https://www.news-medical.net/news/20260423/Study-highlights-gaps-in-opioid-use-disorder-care-during-pregnancy.aspx,Nepal
„Ein Meer aus Blut“: Schah-Sohn fleht Deutschland um Hilfe an,In Maybrit Illners Sendung appelliert Reza Pahlavi an die Bundesregierung und verurteilt das iranische Regime.,2026-04-24T01:35:23Z,BILD,https://www.bild.de/politik/politik-talkshows-im-tv-talk-kritik/ein-meer-aus-blut-schah-sohn-fleht-deutschland-um-hilfe-an-69eac32c79eaea7df39de875,Nepal
Global Energy Logistics Maritime Specialist,"Stay updated with AET's latest news, including industry collaborations, announcements, and significant milestones in our maritime operations and solutions.",2026-04-24T01:35:08Z,aet-tankers.com,https://www.aet-tankers.com/media-centre/latest-news/aet-at-marine-money-2026-advancing-a-multi-fuel-pathway-through-collaboration,Nepal
"Bhooth Bangla BO Day 7: 'भूत बंगला' की कमाई में सातवें दिन आई मंदी, फिर भी बन गई साल की तीसरी सबसे बड़ी फिल्म, 'ओ रोमियो' को दी मात",Bhooth Bangla BO Day 7: अक्षय कुमार की हॉरर कॉमेडी फिल्म 'भूत बंगला' ने सिनेमाघरों में रिलीज का एक हफ्ता पूरा कर लिया है. इसी के साथ अच्छी कमाई कर ये साल की तीसरी सबसेे बड़ी फिल्म बन गई है.,2026-04-24T01:35:06Z,ABP News,https://www.abplive.com/entertainment/bollywood/bhooth-bangla-box-office-collection-day-7-akshay-kumar-film-seventh-day-thursday-first-week-collection-net-in-india-beat-o-romeo-3119490,India
"Box Office: हफ्ता बीतते ही 'भूत बंगला' की लगातार गिरने लगी कमाई, 36वें दिन भी 'धुरंधर 2' का करोड़ में कलेक्शन","अक्षय कुमार की फिल्म 'भूत बंगला' ने रिलीज के तीन दिनों तक तो जबरदस्त कमाई की और सुपरहिट होने की राह पर ही थी लेकिन चौथे दिन के बाद से इसके कलेक्शन में भारी गिरावट आ गई है। वही, धुरंधर 2 का हाल अब 'आज गए, तो कल गए' वाला हो गया है।",2026-04-24T01:34:38Z,Navbharat Times,https://navbharattimes.indiatimes.com/entertainment/box-office/bhooth-bangla-box-office-day-7-vs-dhurandhar-2-the-revenge-day-36-collection/articleshow/130481295.cms,India
"IPL 2026: मिचेल सेंटनर को कंधे में लगी चोट, मुंबई इंडियंस को कैसे मिल गया कन्कशन सब्स्टीट्यूट?",मुंबई इंडियंस के स्पिनर मिचेल सेंटनर को सीएसके के खिलाफ मैच के दौरान कंधे में चोट लगी। इसके बाद भी मुंबई को उनकी जगह कन्कशन सब्स्टीट्यूट के रूप में शार्दुल ठाकुर मिल गए।,2026-04-24T01:34:01Z,Navbharat Times,https://navbharattimes.indiatimes.com/sports/cricket/iplt20/news/mitchell-santner-suffered-shoulder-injury-how-did-mumbai-indians-get-a-concussion-substitute-ipl-2026/articleshow/130481316.cms,India
MI vs CSK: Sanju Samson's Post-Match Remark Proves He Is True Successor To 'Captain' Dhoni,"Sanju Samson's unbeaten 101-run knock against the Mumbai Indians is bound to put pressure on Chennai Super Kings (CSK) captain Ruturaj Gaikwad, trigger a debate around the team's leadership.",2026-04-24T01:32:23Z,NDTV Sports,https://sports.ndtv.com/ipl-2026/sanju-samsons-responsibility-remark-proves-he-is-csks-leader-despite-not-being-captain-11401322,India
Trump says he will ‘probably put a big tariff on the UK’ if it doesn’t drop digital services tax,"US president accuses UK of thinking it can ‘make an easy buck’ from US tech companies, weeks after warning that UK–US trade deal can be changed",2026-04-24T01:35:00Z,The Guardian,https://www.theguardian.com/us-news/2026/apr/24/trump-tariff-uk-digital-services-tax-warning,UK
Assisted dying bill to run out of time as Lords hold final debate,The Terminally Ill Adults (End of Life) Bill was supported by MPs but has not cleared its stages in the Lords.,2026-04-24T00:01:59Z,BBC,https://www.bbc.co.uk/news/articles/cgk0vz5e2zxo,UK
"US soldier charged after winning $400,000 betting on removal of Venezuela's Nicolas Maduro","Gannon Ken Van Dyke allegedly made trades on Polymarket on the basis of classified information, the justice department says.",2026-04-23T23:46:00Z,BBC,https://www.bbc.co.uk/news/articles/c20832yg5p2o,UK
Ukraine war briefing: Trump bristles at Prince Harry’s passionate plea for Ukraine,"Duke of Sussex says US must ‘honour obligations’ as it persuaded Ukraine to give up nuclear weapons; US president retorts that Harry doesn’t speak for Britain. What we know on day 1,521",2026-04-23T23:41:00Z,The Guardian,https://www.theguardian.com/world/2026/apr/24/ukraine-war-briefing-trump-bristles-at-prince-harrys-passionate-plea-for-ukraine,UK
Trump threatens Starmer with ‘big tariff’ over tech tax,"President tells The Telegraph he will retaliate if Britain continues to ‘target’ major American companies such as Apple, Google and Meta",2026-04-23T23:40:00Z,The Telegraph,https://www.telegraph.co.uk/us/news/2026/04/24/trump-drop-digital-service-tech-tax-tariff-threat/,UK
Premier League Darts: Luke Littler beats Jonny Clayton and silences Liverpool crowd to close gap at top of table,"Luke Littler is now just three points behind Jonny Clayton at the top of the Premier League table; He beat Luke Humphries, Michael van Gerwen, and Clayton in Liverpool; you can watch Premier League Darts live on Sky Sports every Thursday",2026-04-23T23:27:29Z,Sky Sports,https://www.skysports.com/darts/news/12288/13535005/premier-league-darts-luke-littler-beats-jonny-clayton-and-silences-liverpool-crowd-to-close-gap-at-top-of-table,UK
"Global stock markets are too high and set to fall, says Bank of England deputy",It is unusual for a senior figure at the Bank to be so forthright on market movements.,2026-04-23T23:15:25Z,BBC,https://www.bbc.co.uk/news/articles/c75kp1y43lgo,UK
"Ringo Starr on pizza, country music, Barry Keoghan and being Sir Richard","Beatles star reveals all about his new country album, being a Sir and coming up with the phrase A Hard Day's Night.",2026-04-23T23:05:11Z,BBC,https://www.bbc.co.uk/news/articles/cp8645d9lvyo,UK
Luke Littler shrugs off boos at Premier League in Liverpool: Reaction in Rotterdam the 'worst I have experienced',Luke Littler says he does not regret what happened with Gian van Veen but believes they have both moved on; He says the boos in Rotterdam were the worst he has experienced; you can watch Premier League Darts live on Sky Sports every Thursday,2026-04-23T22:55:57Z,Sky Sports,https://www.skysports.com/darts/news/12288/13535693/luke-littler-shrugs-off-boos-at-premier-league-in-liverpool-reaction-in-rotterdam-the-worst-i-have-experienced,UK
"Speculation about 'missing scientists' is 'denigrating to their memories,' widow says",Conspiracies are running rampant online after the deaths or disappearances of at least 10 people tied to sensitive US research.,2026-04-23T22:52:20Z,BBC,https://www.bbc.co.uk/news/articles/cwyw9rpdl4po,UK
"'Spent salary on prostitutes': Accused in Delhi IRS officer’s daughter rape-murder is a pervert, had ill intentions towards victim; chilling new details",NEW DELHI: A 23-year-old man accused of raping and murdering the daughter of an Indian Revenue Service (IRS) officer in south Delhi had allegedly carr.,2026-04-24T01:43:00Z,The Times of India,https://timesofindia.indiatimes.com/city/delhi/spent-salary-on-prostitutes-accused-in-delhi-irs-officers-daughter-rape-murder-is-a-pervert-had-ill-intentions-towards-victim-chilling-new-details/articleshow/130481263.cms,Nepal
"पुढील 3 तास संकटाची, प्रशासनाचा इशारा, आजही गारपिटीचा धोका, दुपारी 12 ते 3…",Maharashtra Weather Update : राज्यातील हवामानात गेल्या काही दिवसांपासून सतत बदल होताना दिसत आहे. उष्णता प्रचंड वाढली आहे. कुठे गारपिट होत आहे. त्यामध्येच हवामान विभागाने अत्यंत मोठा इशारा जारी केला.,2026-04-24T01:42:59Z,TV9 Marathi,https://www.tv9marathi.com/maharashtra/indian-meteorological-department-has-issued-yellow-alert-in-maharashtra-on-24-april-2026-1654071.html,Nepal
الزمالك يلامس لقب الدوري بإسقاط بيراميدز,اقترب الزمالك خطوة كبيرة نحو الفوز بلقب الدوري المصري الممتاز لكرة ‌القدم بعدما ​عزز صدارته لمرحلة التتويج بفوزه الثمين 1-صفر على ضيفه بيراميدز في مباراة قمة.ورفع الزمالك رصيده الى 49 نقطة في المركز الأول بفارق خمس نقاط عن بيراميدز صاحب المركز الثاني والأ,2026-04-24T01:42:51Z,الإمارات اليوم,https://www.emaratalyoum.com/sports/arab-and-international/2026-04-24-1.2039104,Nepal
‘Fracture in the Enemy’: Mojtaba Khamenei’s 'unity' message to US amid ‘gravely wounded’ reports,"Mojtaba Khamenei said, ""Due to the strange unity created among compatriots, a fracture has occurred in the enemy,"" describing Tehran's unity as advantage. | World News",2026-04-24T01:42:29Z,Hindustan Times,https://www.hindustantimes.com/world-news/fracture-in-the-enemy-iran-supreme-leader-mojtabas-strange-unity-message-as-war-shows-no-end-101776992632515.html,Nepal
Psilocybin use rises among Americans amid growing clinical interest,"The use of psilocybin, the hallucinogenic compound found in ""magic mushrooms,"" is rising in the United States alongside de‑criminalization efforts in several states and local jurisdictions, as well as heightened interest by the general public.",2026-04-24T01:41:00Z,News-Medical,https://www.news-medical.net/news/20260423/Psilocybin-use-rises-among-Americans-amid-growing-clinical-interest.aspx,Nepal
特朗普：伊朗核谈判或传“佳音”；巴方：和谈将在72小时内重启,特朗普：伊朗核谈判或传“佳音”；巴方：和谈将在72小时内重启,2026-04-24T01:40:53Z,凤凰网,https://mil.ifeng.com/c/8sZoXZDvIDW,Nepal
10 Best Places to Retire 2026 with Tax-Free Benefits,"Dreaming of living comfortably in your golden years should lead you to explore the best places to retire, like Panama and Costa Rica.",2026-04-24T01:40:43Z,Tempo.co English,https://en.tempo.co/read/2100102/10-best-places-to-retire-2026-with-tax-free-benefits,Nepal
『ソニックレーシング クロスワールド』 PlayStation(R)5・Steam版が40%OFFセール開催中！5月1日よりSteamで製品版を無料で楽しめるフリープレイイベント実施,株式会社セガのプレスリリース（2026年4月24日 10時40分）『ソニックレーシング クロスワールド』 PlayStation(R)5・Steam版が40%OFFセール開催中！5月1日よりSteamで製品版を無料で楽しめるフリープレイイベント実施,2026-04-24T01:40:40Z,PR TIMES,https://prtimes.jp/main/html/rd/p/000007325.000005397.html,Nepal
Emor: Isamaa ja Keskerakond juhivad reitinguid tasavägiselt,"Kahe Eesti eelistatuima erakonna seis oli Emori aprilli küsitluses tasavägine, juhtis Isamaa väikese vahega Keskerakonna ees. Veidi kasvatas toetust jätkuvalt valimiskünnise all püsiv Eesti 200, samal ajal kui EKRE toetus langes kümne aasta madalaimale tasemele.",2026-04-24T01:40:00Z,ERR,https://www.err.ee/1610004634/emor-isamaa-ja-keskerakond-juhivad-reitinguid-tasavagiselt,Nepal
Meta va licencier 8000 employés pour compenser ses investissements dans l'IA,"Meta a annoncé jeudi en interne le licenciement de 8000 personnes, soit environ 10% de ses effectifs, a indiqué à l'AFP une source proche du dossier. Dans le même temps, plusieurs médias américains ont fait état d'un vaste plan de départs volontaires chez Microsoft.",2026-04-24T01:39:44Z,rts.ch,https://www.rts.ch/info/sciences-tech/2026/article/meta-va-licencier-8000-employes-pour-compenser-ses-investissements-dans-l-ia-29221254.html,Nepal
Trisha: விஜய்க்கு ஓட்டு போட்டாரா த்ரிஷா? - சைலண்டாக செய்த சம்பவம்.. தவெகவினர் மகிழ்ச்சி!,நடிகை த்ரிஷா தனது தாயாருடன் வந்து  சென்னை அபிராமிபுரம் பகுதியில் உள்ள செயின்ட் பிரான்சிஸ் சேவியர் நடுநிலைப்பள்ளியில் தனது வாக்கினை பதிவு செய்தார். அதனைத் தொடர்ந்து இன்ஸ்டாவில் போட்ட பதிவு வைரலாகியுள்ளத,2026-04-24T01:37:37Z,ABP Nadu,https://tamil.abplive.com/entertainment/tn-election-2026-actress-trisha-instagram-post-viral-indirectly-singal-to-support-tvk-vijay-257313,India
