id,name,email,city,post_count
1,Leanne Graham,sincere@april.biz,Gwenborough,10
2,Ervin Howell,shanna@melissa.tv,Wisokyburgh,10
3,Clementine Bauch,nathan@yesenia.net,McKenziehaven,10
4,Patricia Lebsack,julianne.oconner@kory.org,South Elvis,10
5,Chelsey Dietrich,lucio_hettinger@annie.ca,Roscoeview,10
6,Mrs. Dennis Schulist,karley_dach@jasper.info,South Christy,10
7,Kurtis Weissnat,telly.hoeger@billy.biz,Howemouth,10
8,Nicholas Runolfsdottir V,sherwood@rosamond.me,Aliyaview,10
9,Glenna Reichert,chaim_mcdermott@dana.io,Bartholomebury,10
10,Clementina DuBuque,rey.padberg@karina.biz,Lebsackbury,10
